{
  "mixture_info": {
    "n_components": 1,
    "n_peaks": 1,
    "primary_peak": [
      1.0,
      2.0
    ]
  },
  "geometry": {
    "beta_squared": 0.0,
    "sigma_0_squared": 1.5546658508734308,
    "sigma_2_squared": -0.18003564111143094,
    "sigma_4_squared": 0.8584589388680487,
    "sigma_squared": 1.5546658508734308,
    "peak_density": 0.15762910190023888,
    "peak_sharpness": 11.132821890100002,
    "hessian_eigenvalues": [
      0.09604210522085653,
      0.25377198117083777
    ],
    "grad_laplacian_norm": 0.0,
    "lambda_frobenius_sq": 0.0736243044026261
  },
  "results": [
    {
      "n_per_comp": 20,
      "n_total": 20,
      "h1": 2.0,
      "h_eff": 0.4588314677411235,
      "observed_mean_error": 0.5344774226429176,
      "observed_std_error": 0.2338258443351979,
      "observed_rmse": 0.5833872134303975,
      "predicted_rmse": 1.337078373882556,
      "predicted_mean": 1.6757792286858275,
      "rmse_ratio": 0.4363148973357339,
      "mean_ratio": 0.3189426229265673,
      "bias_term": 0.0,
      "var_0_term": 1.7538574130165892,
      "var_2_term": -0.009001782055571547,
      "var_4_term": 0.042922946943402436,
      "total_variance": 1.7877785779044202
    },
    {
      "n_per_comp": 20,
      "n_total": 20,
      "h1": 4.0,
      "h_eff": 0.917662935482247,
      "observed_mean_error": 0.40436267599521436,
      "observed_std_error": 0.21950024690595224,
      "observed_rmse": 0.46009730724031045,
      "predicted_rmse": 0.3788631061496589,
      "predicted_mean": 0.4748344870446305,
      "rmse_ratio": 1.2144157078693283,
      "mean_ratio": 0.8515865781189723,
      "bias_term": 0.0,
      "var_0_term": 0.10961608831353682,
      "var_2_term": -0.009001782055571547,
      "var_4_term": 0.042922946943402436,
      "total_variance": 0.1435372532013677
    },
    {
      "n_per_comp": 20,
      "n_total": 20,
      "h1": 7.0,
      "h_eff": 1.6059101370939322,
      "observed_mean_error": 0.3385051489287375,
      "observed_std_error": 0.11177798485753734,
      "observed_rmse": 0.35648289404974065,
      "predicted_rmse": 0.21356188293843464,
      "predicted_mean": 0.26766012707845804,
      "rmse_ratio": 1.6692252809575907,
      "mean_ratio": 1.2646827625151391,
      "bias_term": 0.0,
      "var_0_term": 0.01168751295637877,
      "var_2_term": -0.009001782055571547,
      "var_4_term": 0.042922946943402436,
      "total_variance": 0.04560867784420966
    },
    {
      "n_per_comp": 20,
      "n_total": 20,
      "h1": 12.0,
      "h_eff": 2.7529888064467407,
      "observed_mean_error": 0.3455590077338864,
      "observed_std_error": 0.19411941509768355,
      "observed_rmse": 0.3963500664108623,
      "predicted_rmse": 0.18781493531862356,
      "predicted_mean": 0.23539111363382714,
      "rmse_ratio": 2.1103224072061355,
      "mean_ratio": 1.4680206164088068,
      "bias_term": 0.0,
      "var_0_term": 0.001353285040907862,
      "var_2_term": -0.009001782055571547,
      "var_4_term": 0.042922946943402436,
      "total_variance": 0.03527444992873875
    },
    {
      "n_per_comp": 50,
      "n_total": 50,
      "h1": 2.0,
      "h_eff": 0.2857142857142857,
      "observed_mean_error": 0.37900567124811335,
      "observed_std_error": 0.17304171040084862,
      "observed_rmse": 0.4166398113199027,
      "predicted_rmse": 2.16321736099011,
      "predicted_mean": 2.711190900615233,
      "rmse_ratio": 0.19260191732614682,
      "mean_ratio": 0.13979305963372335,
      "bias_term": 0.0,
      "var_0_term": 4.665940884933884,
      "var_2_term": -0.003600712822228619,
      "var_4_term": 0.017169178777360974,
      "total_variance": 4.679509350889017
    },
    {
      "n_per_comp": 50,
      "n_total": 50,
      "h1": 4.0,
      "h_eff": 0.5714285714285714,
      "observed_mean_error": 0.49727097257006675,
      "observed_std_error": 0.20710570841651782,
      "observed_rmse": 0.5386754074760495,
      "predicted_rmse": 0.5524398349716466,
      "predicted_mean": 0.6923806551862065,
      "rmse_ratio": 0.9750842958377475,
      "mean_ratio": 0.7182046015371882,
      "bias_term": 0.0,
      "var_0_term": 0.2916213053083678,
      "var_2_term": -0.003600712822228619,
      "var_4_term": 0.017169178777360974,
      "total_variance": 0.3051897712635001
    },
    {
      "n_per_comp": 50,
      "n_total": 50,
      "h1": 7.0,
      "h_eff": 1.0,
      "observed_mean_error": 0.2898823305799397,
      "observed_std_error": 0.16635359212524864,
      "observed_rmse": 0.3342234031234662,
      "predicted_rmse": 0.2113333456239241,
      "predicted_mean": 0.26486706975664687,
      "rmse_ratio": 1.5814986609743533,
      "mean_ratio": 1.0944445862835126,
      "bias_term": 0.0,
      "var_0_term": 0.031093317017468616,
      "var_2_term": -0.003600712822228619,
      "var_4_term": 0.017169178777360974,
      "total_variance": 0.04466178297260097
    },
    {
      "n_per_comp": 50,
      "n_total": 50,
      "h1": 12.0,
      "h_eff": 1.7142857142857142,
      "observed_mean_error": 0.18145585204498266,
      "observed_std_error": 0.10113168384073623,
      "observed_rmse": 0.2077350324760686,
      "predicted_rmse": 0.1310294966167188,
      "predicted_mean": 0.16422112051506718,
      "rmse_ratio": 1.5854066285832198,
      "mean_ratio": 1.104948325013616,
      "bias_term": 0.0,
      "var_0_term": 0.0036002630284983675,
      "var_2_term": -0.003600712822228619,
      "var_4_term": 0.017169178777360974,
      "total_variance": 0.017168728983630723
    },
    {
      "n_per_comp": 100,
      "n_total": 100,
      "h1": 2.0,
      "h_eff": 0.20100756305184242,
      "observed_mean_error": 0.4188464075423016,
      "observed_std_error": 0.16550218785616666,
      "observed_rmse": 0.45035906485411126,
      "predicted_rmse": 3.087083451371881,
      "predicted_mean": 3.8690853326771055,
      "rmse_ratio": 0.14588496616571037,
      "mean_ratio": 0.10825463165799255,
      "bias_term": 0.0,
      "var_0_term": 9.52330000275656,
      "var_2_term": -0.0018003564111143094,
      "var_4_term": 0.008584589388680487,
      "total_variance": 9.530084235734126
    },
    {
      "n_per_comp": 100,
      "n_total": 100,
      "h1": 4.0,
      "h_eff": 0.40201512610368484,
      "observed_mean_error": 0.41304942369967,
      "observed_std_error": 0.18291537752052184,
      "observed_rmse": 0.4517387096011416,
      "predicted_rmse": 0.7758804567392139,
      "predicted_mean": 0.9724219452980641,
      "rmse_ratio": 0.5822272048192321,
      "mean_ratio": 0.42476357685763994,
      "bias_term": 0.0,
      "var_0_term": 0.595206250172285,
      "var_2_term": -0.0018003564111143094,
      "var_4_term": 0.008584589388680487,
      "total_variance": 0.6019904831498512
    },
    {
      "n_per_comp": 100,
      "n_total": 100,
      "h1": 7.0,
      "h_eff": 0.7035264706814485,
      "observed_mean_error": 0.3855878321300488,
      "observed_std_error": 0.22639624201711886,
      "observed_rmse": 0.44713894337915205,
      "predicted_rmse": 0.26504048194424634,
      "predicted_mean": 0.3321789829816375,
      "rmse_ratio": 1.6870590488633799,
      "mean_ratio": 1.1607833483895147,
      "bias_term": 0.0,
      "var_0_term": 0.0634622240916722,
      "var_2_term": -0.0018003564111143094,
      "var_4_term": 0.008584589388680487,
      "total_variance": 0.07024645706923838
    },
    {
      "n_per_comp": 100,
      "n_total": 100,
      "h1": 12.0,
      "h_eff": 1.2060453783110545,
      "observed_mean_error": 0.15717192791543835,
      "observed_std_error": 0.09844684042862221,
      "observed_rmse": 0.18545833848882165,
      "predicted_rmse": 0.11888001635403289,
      "predicted_mean": 0.14899400514080727,
      "rmse_ratio": 1.5600463742914867,
      "mean_ratio": 1.0548875960942357,
      "bias_term": 0.0,
      "var_0_term": 0.00734822531076895,
      "var_2_term": -0.0018003564111143094,
      "var_4_term": 0.008584589388680487,
      "total_variance": 0.014132458288335127
    },
    {
      "n_per_comp": 200,