mixture,seed,h1,epochs,val_nll_no_uniform,val_nll_with_uniform,delta_val_nll,boundary_ring_mean_no_uniform,boundary_ring_mean_with_uniform,shell_mean_unnorm_no_uniform,shell_mean_unnorm_with_uniform
1.0,0.0,7.0,800.0,3.3008246421813965,3.568169355392456,0.26734471321105957,0.0033529868815094233,0.006723898928612471,0.10268998891115189,0.22920240461826324
1.0,1.0,7.0,800.0,2.9804155826568604,2.9858903884887695,0.00547480583190918,0.0022556730546057224,0.0020043393597006798,0.09366481751203537,0.10485175251960754
1.0,2.0,7.0,800.0,3.5004379749298096,3.177212953567505,-0.3232250213623047,0.005352804437279701,0.001940262969583273,0.16745173931121826,0.11188433319330215
2.0,0.0,7.0,800.0,3.6935713291168213,3.562777519226074,-0.13079380989074707,0.0039922394789755344,0.0017087728483602405,0.06362953782081604,0.006054922938346863
2.0,1.0,7.0,800.0,3.541123390197754,3.732356309890747,0.19123291969299316,0.002302650362253189,0.003764060791581869,0.01742454431951046,0.04910706356167793
2.0,2.0,7.0,800.0,3.4905879497528076,3.7140345573425293,0.22344660758972168,0.002335215453058481,0.0035428577102720737,0.02334631234407425,0.042460571974515915
3.0,0.0,12.0,800.0,3.9757986068725586,3.9308865070343018,-0.044912099838256836,0.0030102788005024195,0.0021948751527816057,0.0697266012430191,0.029142146930098534
3.0,1.0,12.0,800.0,4.047651290893555,4.061657905578613,0.014006614685058594,0.0027670979034155607,0.0022189454175531864,0.06950949132442474,0.04547422006726265
3.0,2.0,12.0,800.0,4.108096599578857,4.11667537689209,0.008578777313232422,0.0032620492856949568,0.0027703754603862762,0.07585339993238449,0.04162750393152237
