mixture,seed,h1,epochs,val_nll_no_uniform,val_nll_with_uniform,delta_val_nll,boundary_ring_mean_no_uniform,boundary_ring_mean_with_uniform,shell_mean_unnorm_no_uniform,shell_mean_unnorm_with_uniform
1.0,0.0,7.0,800.0,3.068269729614258,3.3934130668640137,0.32514333724975586,0.002048664493486285,0.0070642512291669846,0.06231667101383209,0.20680351555347443
1.0,1.0,7.0,800.0,3.100803852081299,3.037625789642334,-0.06317806243896484,0.003489941591396928,0.0018077068962156773,0.1337798684835434,0.10089105367660522
1.0,2.0,7.0,800.0,3.445439577102661,3.2019317150115967,-0.24350786209106445,0.005125571042299271,0.0019198969239369035,0.15854142606258392,0.11849411576986313
2.0,0.0,7.0,800.0,3.6564347743988037,3.6289329528808594,-0.027501821517944336,0.003203673055395484,0.0013296641409397125,0.030972536653280258,0.009846205823123455
2.0,1.0,7.0,800.0,3.7392430305480957,3.953050374984741,0.2138073444366455,0.0018849901389330626,0.004369488917291164,0.012964267283678055,0.058177657425403595
2.0,2.0,7.0,800.0,3.5276803970336914,3.588452100753784,0.06077170372009277,0.0022630630992352962,0.0035594997461885214,0.01973903924226761,0.04234924539923668
3.0,0.0,12.0,800.0,4.143789291381836,4.108994483947754,-0.03479480743408203,0.0029906004201620817,0.002028468530625105,0.07400242239236832,0.022484056651592255
3.0,1.0,12.0,800.0,4.038097858428955,4.066547870635986,0.02845001220703125,0.0030817200895398855,0.0031356257386505604,0.08549073338508606,0.13665376603603363
3.0,2.0,12.0,800.0,4.303643226623535,4.275445461273193,-0.028197765350341797,0.0026347367092967033,0.002671375870704651,0.03949378430843353,0.04570719972252846
